"Row.names","Samp30","Samp31","Samp32","Samp33","Species"
"ASVC002",10.792902066487,34.6792283535218,43.6798383475528,43.05586717523,"Enterococcus faecalis"
"ASVC003",13.92632524708,18.8088829071332,20.3188145487203,18.914067758582,"Lactobacillus fermentum"
"ASVC005",16.5431266846361,14.7039030955585,14.8181409968568,15.1671527933588,"Staphylococcus aureus"
"ASVC006",15.3077268643306,7.36877523553163,8.03771890435564,7.33677361453893,"Listeria monocytogenes"
"ASVC007",11.2309074573226,10.5652759084791,6.90390660080826,7.22459053174781,"Escherichia coli"
"ASVC009",10.029200359389,7.97442799461642,3.3004041311181,4.22930222122504,"Salmonella enterica"
"ASVC011",15.633423180593,2.17586361597129,1.68387965873372,2.18757011442674,"Bacillus subtilis"
"ASVC015",6.53638814016173,3.72364288918798,1.25729681185451,1.88467579089073,"Pseudomonas aeruginosa"
